0.102,4.11E-03
0.103,3.96E-03
0.104,3.96E-03
0.1051,3.96E-03
0.1061,3.97E-03
0.1072,3.97E-03
0.1082,3.97E-03
0.1093,3.97E-03
0.1104,3.97E-03
0.1115,3.97E-03
0.1126,3.97E-03
0.1137,3.97E-03
0.1148,3.97E-03
0.116,3.97E-03
0.1171,3.97E-03
0.1183,3.97E-03
0.1195,3.97E-03
0.1207,3.97E-03
0.1219,3.97E-03
0.1231,3.97E-03
0.1243,3.98E-03
0.1255,3.98E-03
0.1268,3.98E-03
0.128,3.98E-03
0.1293,3.98E-03
0.1306,3.98E-03
0.1319,3.98E-03
0.1332,3.98E-03
0.1345,3.98E-03
0.1358,3.98E-03
0.1372,3.98E-03
0.1386,3.98E-03
0.1399,3.98E-03
0.1413,3.98E-03
0.1427,3.98E-03
0.1441,3.98E-03
0.1456,3.99E-03
0.147,3.99E-03
0.1485,3.99E-03
0.15,3.99E-03
0.1514,3.99E-03
0.1529,3.99E-03
0.1545,3.99E-03
0.156,3.99E-03
0.1576,3.99E-03
0.1576,3.84E-03
0.1591,3.84E-03
0.1607,3.84E-03
0.1623,3.85E-03
0.1639,3.85E-03
0.1655,3.85E-03
0.1672,3.85E-03
0.1688,3.85E-03
0.1705,3.85E-03
0.1722,3.85E-03
0.1739,3.85E-03
0.1756,3.85E-03
0.1774,3.85E-03
0.1792,3.85E-03
0.1809,3.85E-03
0.1827,3.85E-03
0.1844,3.85E-03
0.1864,3.85E-03
0.1882,3.85E-03
0.1901,3.86E-03
0.192,3.86E-03
0.1939,3.86E-03
0.1958,3.86E-03
0.1978,3.86E-03
0.1997,3.86E-03
0.2017,3.86E-03
0.2037,3.86E-03
0.2057,3.86E-03
0.2078,3.86E-03
0.2098,3.86E-03
0.2119,3.86E-03
0.214,3.86E-03
0.2162,3.86E-03
0.2183,3.86E-03
0.2205,3.86E-03
0.2227,3.87E-03
0.2248,3.87E-03
0.2271,3.87E-03
0.2294,3.87E-03
0.2316,3.87E-03
0.2339,3.87E-03
0.2363,3.87E-03
0.2386,3.87E-03
0.241,3.87E-03
0.2434,3.87E-03
0.2458,3.87E-03
0.2482,3.87E-03
0.2507,3.87E-03
0.2532,3.87E-03
0.2557,3.87E-03
0.2582,3.87E-03
0.2608,3.88E-03
0.2634,3.88E-03
0.266,3.88E-03
0.2686,3.88E-03
0.2713,3.88E-03
0.274,3.88E-03
0.2767,3.88E-03
0.2795,3.88E-03
0.2823,3.88E-03
0.2851,3.88E-03
0.2879,3.88E-03
0.2907,3.88E-03
0.2936,3.88E-03
0.2966,3.88E-03
0.2995,3.88E-03
0.3025,3.88E-03
0.3054,3.89E-03
0.3085,3.89E-03
0.3115,3.89E-03
0.3147,3.89E-03
0.3178,3.89E-03
0.321,3.89E-03
0.3241,3.89E-03
0.3274,3.89E-03
0.3306,3.89E-03
0.3338,3.89E-03
0.3372,3.89E-03
0.3406,3.89E-03
0.3439,3.89E-03
0.3474,3.89E-03
0.3508,3.89E-03
0.3543,3.89E-03
0.3578,3.90E-03
0.3614,3.90E-03
0.3649,3.90E-03
0.3686,3.90E-03
0.3721,3.90E-03
0.3759,3.90E-03
0.3797,3.90E-03
0.3834,3.90E-03
0.3872,3.90E-03
0.3911,3.90E-03
0.395,3.90E-03
0.3989,3.90E-03
0.4029,3.90E-03
0.4069,3.90E-03
0.4109,3.90E-03
0.415,3.90E-03
0.4191,3.91E-03
0.4233,3.91E-03
0.4275,3.91E-03
0.4317,3.91E-03
0.436,3.91E-03
0.4403,3.91E-03
0.4447,3.91E-03
0.4491,3.91E-03
0.4536,3.91E-03
0.4581,3.91E-03
0.4626,3.91E-03
0.4672,3.91E-03
0.4719,3.91E-03
0.4766,3.91E-03
0.4813,3.91E-03
0.4861,3.91E-03
0.4909,3.92E-03
0.4958,3.92E-03
0.5007,3.92E-03
0.5057,3.92E-03
0.5107,3.92E-03
0.5158,3.92E-03
0.5209,3.92E-03
0.5261,3.92E-03
0.5312,3.92E-03
0.5366,3.92E-03
0.5419,3.92E-03
0.5473,3.92E-03
0.5527,3.92E-03
0.5582,3.92E-03
0.5636,3.92E-03
0.5693,3.93E-03
0.575,3.93E-03
0.5807,3.93E-03
0.5865,3.93E-03
0.5923,3.93E-03
0.5981,3.93E-03
0.604,3.78E-03
0.6101,3.78E-03
0.6162,3.79E-03
0.6223,3.79E-03
0.6284,3.79E-03
0.6347,3.79E-03
0.641,3.79E-03
0.6474,3.79E-03
0.6538,3.79E-03
0.6602,3.65E-03
0.6669,3.52E-03
0.6735,3.52E-03
0.6802,3.52E-03
0.6869,3.52E-03
0.6937,3.52E-03
0.7006,3.52E-03
0.7076,3.52E-03
0.7146,3.52E-03
0.7217,3.52E-03
0.7288,3.52E-03
0.7361,3.52E-03
0.7361,3.39E-03
0.7433,3.52E-03
0.8126,3.66E-03
0.8207,3.66E-03
0.8207,3.53E-03
0.8288,3.66E-03
0.8288,3.40E-03
0.837,3.66E-03
0.837,3.27E-03
0.8454,3.53E-03
0.8454,3.40E-03
0.8537,3.53E-03
0.8537,3.53E-03
0.8622,3.53E-03
0.8622,3.67E-03
0.8708,3.67E-03
0.8708,3.53E-03
0.8708,3.67E-03
0.8794,3.53E-03
0.8794,3.53E-03
0.8794,3.67E-03
0.8881,3.53E-03
0.8881,3.40E-03
0.8881,3.67E-03
0.897,3.53E-03
0.897,3.40E-03
0.897,3.67E-03
0.9059,3.53E-03
0.9059,3.40E-03
0.9059,3.67E-03
0.9149,3.53E-03
0.9149,3.40E-03
0.9149,3.67E-03
0.924,3.53E-03
0.924,3.28E-03
0.924,3.67E-03
0.9332,3.54E-03
0.9332,3.28E-03
0.9332,3.54E-03
0.9424,3.54E-03
0.9424,3.28E-03
0.9424,3.54E-03
0.9424,3.41E-03
0.9518,3.54E-03
0.9518,3.28E-03
0.9518,3.41E-03
0.9612,3.54E-03
0.9612,3.28E-03
0.9612,3.41E-03
0.9708,3.54E-03
0.9708,3.28E-03
0.9708,3.41E-03
0.9804,3.54E-03
0.9804,3.28E-03
0.9804,3.41E-03
0.9902,3.54E-03
0.9902,3.28E-03
0.9902,3.41E-03
1,3.54E-03
1,3.28E-03
1,3.41E-03
1.0099,3.54E-03
1.0099,3.28E-03
1.0099,3.41E-03
1.02,3.54E-03
1.02,3.28E-03
1.02,3.41E-03
1.0301,3.54E-03
1.0301,3.28E-03
1.0301,3.41E-03
1.0403,3.54E-03
1.0403,3.29E-03
1.0403,3.41E-03
1.0507,3.54E-03
1.0507,3.29E-03
1.0507,3.41E-03
1.0611,3.54E-03
1.0611,3.29E-03
1.0611,3.41E-03
1.0716,3.54E-03
1.0716,3.29E-03
1.0716,3.41E-03
1.0823,3.54E-03
1.0823,3.29E-03
1.0823,3.41E-03
1.093,3.54E-03
1.093,3.29E-03
1.093,3.41E-03
1.1039,3.55E-03
1.1039,3.29E-03
1.1039,3.41E-03
1.1148,3.55E-03
1.1148,3.17E-03
1.1148,3.41E-03
1.1259,3.42E-03
1.1259,3.17E-03
1.1259,3.29E-03
1.1371,3.42E-03
1.1371,3.17E-03
1.1371,3.29E-03
1.1484,3.42E-03
1.1484,3.17E-03
1.1484,3.29E-03
1.1598,3.42E-03
1.1598,3.17E-03
1.1598,3.29E-03
1.1713,3.42E-03
1.1713,3.17E-03
1.1713,3.29E-03
1.1829,3.42E-03
1.1829,3.17E-03
1.1829,3.29E-03
1.1947,3.42E-03
1.1947,3.17E-03
1.1947,3.29E-03
1.2065,3.42E-03
1.2065,3.17E-03
1.2065,3.29E-03
1.2185,3.42E-03
1.2185,3.17E-03
1.2185,3.29E-03
1.2306,3.42E-03
1.2306,3.17E-03
1.2306,3.29E-03
1.2429,3.42E-03
1.2429,3.17E-03
1.2429,3.29E-03
1.2551,3.42E-03
1.2551,3.17E-03
1.2551,3.30E-03
1.2677,3.42E-03
1.2677,3.17E-03
1.2677,3.30E-03
1.2803,3.42E-03
1.2803,3.30E-03
1.2803,3.18E-03
1.3319,3.06E-03
1.3319,3.18E-03
1.3319,3.30E-03
1.3319,3.42E-03
1.3451,3.06E-03
1.3451,3.43E-03
1.3451,3.30E-03
1.3451,3.18E-03
1.3585,3.06E-03
1.3585,3.30E-03
1.3585,3.18E-03
1.3719,3.06E-03
1.3719,3.30E-03
1.3719,3.18E-03
1.3856,3.06E-03
1.3856,3.30E-03
1.3856,3.18E-03
1.3993,3.06E-03
1.3993,3.30E-03
1.3993,3.18E-03
1.4132,3.06E-03
1.4132,3.30E-03
1.4132,3.18E-03
1.4273,3.06E-03
1.4273,3.30E-03
1.4273,3.18E-03
1.4414,3.06E-03
1.4414,3.30E-03
1.4414,3.18E-03
1.4558,2.95E-03
1.4558,3.30E-03
1.4558,3.06E-03
1.4702,2.95E-03
1.4702,3.30E-03
1.4702,3.07E-03
1.4848,2.95E-03
1.4848,3.30E-03
1.4848,3.07E-03
1.4996,2.95E-03
1.4996,3.31E-03
1.4996,3.07E-03
1.5145,2.95E-03
1.5145,3.31E-03
1.5145,3.07E-03
1.5295,2.95E-03
1.5295,3.18E-03
1.5295,3.07E-03
1.5447,2.95E-03
1.5447,3.18E-03
1.5447,3.07E-03
1.56,2.95E-03
1.56,3.19E-03
1.56,3.07E-03
1.5755,2.96E-03
1.5755,3.19E-03
1.5755,3.07E-03
1.5912,2.96E-03
1.5912,3.19E-03
1.5912,3.07E-03
1.607,2.96E-03
1.607,3.19E-03
1.607,3.07E-03
1.6229,2.96E-03
1.6229,3.19E-03
1.6229,3.07E-03
1.6391,2.96E-03
1.6391,3.19E-03
1.6391,3.07E-03
1.6553,2.96E-03
1.6553,3.19E-03
1.6553,3.07E-03
1.6718,2.96E-03
1.6718,3.19E-03
1.6718,3.07E-03
1.6884,2.96E-03
1.6884,3.19E-03
1.6884,3.07E-03
1.705,2.96E-03
1.705,3.19E-03
1.705,3.07E-03
1.7221,2.96E-03
1.7221,3.07E-03
1.7221,3.07E-03
1.7391,2.96E-03
1.7391,3.07E-03
1.7391,2.96E-03
1.7564,2.85E-03
1.7564,3.07E-03
1.7564,2.96E-03
1.7739,2.85E-03
1.7739,3.07E-03
1.7739,2.96E-03
1.7915,2.85E-03
1.7915,3.07E-03
1.7915,2.96E-03
1.8093,2.85E-03
1.8093,3.08E-03
1.8093,2.96E-03
1.8273,2.85E-03
1.8273,3.08E-03
1.8273,2.96E-03
1.8454,2.85E-03
1.8454,3.08E-03
1.8454,2.96E-03
1.8637,2.85E-03
1.8637,3.08E-03
1.8637,2.96E-03
1.8822,2.85E-03
1.8822,3.08E-03
1.8822,2.96E-03
1.9009,2.86E-03
1.9009,3.08E-03
1.9009,2.96E-03
1.9198,2.75E-03
1.9198,2.96E-03
1.9198,2.86E-03
1.9388,2.75E-03
1.9388,2.97E-03
1.9388,2.86E-03
1.9581,2.75E-03
1.9581,2.97E-03
1.9581,2.86E-03
1.9776,2.75E-03
1.9776,2.97E-03
1.9776,2.86E-03
1.9971,2.75E-03
1.9971,2.97E-03
1.9971,2.86E-03
2.0171,2.75E-03
2.0171,2.97E-03
2.0171,2.86E-03
2.0371,2.75E-03
2.0371,2.97E-03
2.0371,2.86E-03
2.0573,2.75E-03
2.0573,2.97E-03
2.0573,2.86E-03
2.0778,2.75E-03
2.0778,2.97E-03
2.0778,2.86E-03
2.0984,2.65E-03
2.0984,2.97E-03
2.0984,2.75E-03
2.1192,2.65E-03
2.1192,2.97E-03
2.1192,2.75E-03
2.1403,2.65E-03
2.1403,2.86E-03
2.1403,2.76E-03
2.1615,2.65E-03
2.1615,2.86E-03
2.1615,2.76E-03
2.183,2.65E-03
2.183,2.86E-03
2.183,2.76E-03
2.2046,2.66E-03
2.2046,2.86E-03
2.2046,2.76E-03
2.2266,2.66E-03
2.2266,2.86E-03
2.2266,2.76E-03
2.2487,2.66E-03
2.2487,2.86E-03
2.2487,2.76E-03
2.271,2.66E-03
2.271,2.86E-03
2.271,2.76E-03
2.2936,2.66E-03
2.2936,2.86E-03
2.2936,2.76E-03
2.3164,2.66E-03
2.3164,2.86E-03
2.3164,2.76E-03
2.3394,2.66E-03
2.3394,2.86E-03
2.3394,2.76E-03
2.3626,2.56E-03
2.3626,2.87E-03
2.3626,2.66E-03
2.386,2.56E-03
2.386,2.76E-03
2.386,2.66E-03
2.4098,2.56E-03
2.4098,2.76E-03
2.4098,2.66E-03
2.4337,2.56E-03
2.4337,2.76E-03
2.4337,2.66E-03
2.4579,2.56E-03
2.4579,2.76E-03
2.4579,2.66E-03
2.4823,2.47E-03
2.4823,2.76E-03
2.4823,2.56E-03
2.5069,2.47E-03
2.5069,2.76E-03
2.5069,2.56E-03
2.5318,2.47E-03
2.5318,2.76E-03
2.5318,2.56E-03
2.557,2.47E-03
2.557,2.66E-03
2.557,2.56E-03
2.5824,2.47E-03
2.5824,2.66E-03
2.5824,2.56E-03
2.608,2.47E-03
2.608,2.66E-03
2.608,2.56E-03
2.6339,2.47E-03
2.6339,2.66E-03
2.6339,2.56E-03
2.6601,2.47E-03
2.6601,2.66E-03
2.6601,2.57E-03
2.6865,2.47E-03
2.6865,2.66E-03
2.6865,2.57E-03
2.7132,2.47E-03
2.7132,2.66E-03
2.7132,2.57E-03
2.7401,2.47E-03
2.7401,2.66E-03
2.7401,2.57E-03
2.7673,2.47E-03
2.7673,2.66E-03
2.7673,2.57E-03
2.7948,2.47E-03
2.7948,2.57E-03
2.7948,2.47E-03
2.8226,2.38E-03
2.8226,2.57E-03
2.8226,2.47E-03
2.8506,2.38E-03
2.8506,2.57E-03
2.8506,2.47E-03
2.8789,2.38E-03
2.8789,2.57E-03
2.8789,2.47E-03
2.9075,2.38E-03
2.9075,2.57E-03
2.9075,2.47E-03
2.9364,2.38E-03
2.9364,2.57E-03
2.9364,2.47E-03
2.9655,2.38E-03
2.9655,2.57E-03
2.9655,2.48E-03
2.995,2.38E-03
2.995,2.57E-03
2.995,2.48E-03
3.0247,2.38E-03
3.0247,2.57E-03
3.0247,2.48E-03
3.0548,2.30E-03
3.0548,2.57E-03
3.0548,2.38E-03
3.0851,2.30E-03
3.0851,2.57E-03
3.0851,2.39E-03
3.1157,2.30E-03
3.1157,2.57E-03
3.1157,2.39E-03
3.1467,2.30E-03
3.1467,2.48E-03
3.1467,2.39E-03
3.1779,2.30E-03
3.1779,2.48E-03
3.1779,2.39E-03
3.2095,2.30E-03
3.2095,2.48E-03
3.2095,2.39E-03
3.2414,2.21E-03
3.2414,2.48E-03
3.2414,2.30E-03
3.2736,2.21E-03
3.2736,2.48E-03
3.2736,2.30E-03
3.3061,2.22E-03
3.3061,2.39E-03
3.3061,2.30E-03
3.3389,2.22E-03
3.3389,2.39E-03
3.3389,2.30E-03
3.3721,2.22E-03
3.3721,2.39E-03
3.3721,2.30E-03
3.4056,2.22E-03
3.4056,2.39E-03
3.4056,2.30E-03
3.4394,2.22E-03
3.4394,2.39E-03
3.4394,2.30E-03
3.4735,2.22E-03
3.4735,2.39E-03
3.4735,2.30E-03
3.508,2.22E-03
3.508,2.39E-03
3.508,2.30E-03
3.5429,2.14E-03
3.5429,2.39E-03
3.5429,2.22E-03
3.5781,2.14E-03
3.5781,2.30E-03
3.5781,2.22E-03
3.6136,2.14E-03
3.6136,2.30E-03
3.6136,2.22E-03
3.6495,2.14E-03
3.6495,2.30E-03
3.6495,2.22E-03
3.6857,2.14E-03
3.6857,2.30E-03
3.6857,2.22E-03
3.7223,2.14E-03
3.7223,2.30E-03
3.7223,2.22E-03
3.7593,2.14E-03
3.7593,2.30E-03
3.7593,2.22E-03
3.7966,2.14E-03
3.7966,2.31E-03
3.7966,2.22E-03
3.8343,2.06E-03
3.8343,2.22E-03
3.8343,2.14E-03
3.8723,2.06E-03
3.8723,2.22E-03
3.8723,2.14E-03
3.9109,2.06E-03
3.9109,2.22E-03
3.9109,2.14E-03
3.9497,2.06E-03
3.9497,2.22E-03
3.9497,2.14E-03
3.9889,2.06E-03
3.9889,2.22E-03
3.9889,2.14E-03
4.0286,2.06E-03
4.0286,2.22E-03
4.0286,2.14E-03
4.0686,2.06E-03
4.0686,2.22E-03
4.0686,2.14E-03
4.109,1.99E-03
4.109,2.22E-03
4.109,2.06E-03
4.1498,1.99E-03
4.1498,2.22E-03
4.1498,2.06E-03
4.191,1.99E-03
4.191,2.14E-03
4.191,2.06E-03
4.2326,1.99E-03
4.2326,2.14E-03
4.2326,2.06E-03
4.2747,1.99E-03
4.2747,2.14E-03
4.2747,2.06E-03
4.3171,1.99E-03
4.3171,2.14E-03
4.3171,2.06E-03
4.3599,1.99E-03
4.3599,2.14E-03
4.3599,2.06E-03
4.4033,1.92E-03
4.4033,2.14E-03
4.4033,1.99E-03
4.447,1.92E-03
4.447,2.07E-03
4.447,1.99E-03
4.4912,1.92E-03
4.4912,2.07E-03
4.4912,1.99E-03
4.5358,1.92E-03
4.5358,2.07E-03
4.5358,1.99E-03
4.5808,1.92E-03
4.5808,2.07E-03
4.5808,1.99E-03
4.6263,1.92E-03
4.6263,2.07E-03
4.6263,1.99E-03
4.6723,1.85E-03
4.6723,2.07E-03
4.6723,1.92E-03
4.7187,1.85E-03
4.7187,2.07E-03
4.7187,1.92E-03
4.7654,1.85E-03
4.7654,1.99E-03
4.7654,1.92E-03
4.8129,1.85E-03
4.8129,1.99E-03
4.8129,1.92E-03
4.8607,1.85E-03
4.8607,1.99E-03
4.8607,1.92E-03
4.9089,1.85E-03
4.9089,1.99E-03
4.9089,1.92E-03
4.9577,1.85E-03
4.9577,1.99E-03
4.9577,1.92E-03
5.0069,1.78E-03
5.0069,1.92E-03
5.0069,1.85E-03
5.0566,1.78E-03
5.0566,1.92E-03
5.0566,1.85E-03
5.1069,1.78E-03
5.1069,1.92E-03
5.1069,1.85E-03
5.1576,1.78E-03
5.1576,1.92E-03
5.1576,1.85E-03
5.2088,1.78E-03
5.2088,1.92E-03
5.2088,1.85E-03
5.2605,1.78E-03
5.2605,1.92E-03
5.2605,1.85E-03
5.3128,1.72E-03
5.3128,1.92E-03
5.3128,1.78E-03
5.3655,1.72E-03
5.3655,1.92E-03
5.3655,1.78E-03
5.4188,1.72E-03
5.4188,1.85E-03
5.4188,1.78E-03
5.4726,1.72E-03
5.4726,1.85E-03
5.4726,1.78E-03
5.527,1.72E-03
5.527,1.85E-03
5.527,1.78E-03
5.5819,1.72E-03
5.5819,1.85E-03
5.5819,1.78E-03
5.6373,1.72E-03
5.6373,1.85E-03
5.6373,1.78E-03
5.6933,1.66E-03
5.6933,1.85E-03
5.6933,1.72E-03
5.7499,1.66E-03
5.7499,1.78E-03
5.7499,1.72E-03
5.807,1.66E-03
5.807,1.78E-03
5.807,1.72E-03
5.8646,1.66E-03
5.8646,1.79E-03
5.8646,1.72E-03
5.9229,1.66E-03
5.9229,1.79E-03
5.9229,1.72E-03
5.9817,1.66E-03
5.9817,1.79E-03
5.9817,1.72E-03
6.0411,1.66E-03
6.0411,1.79E-03
6.0411,1.72E-03
6.1011,1.66E-03
6.1011,1.79E-03
6.1011,1.72E-03
6.1617,1.60E-03
6.1617,1.79E-03
6.1617,1.66E-03
6.2229,1.60E-03
6.2229,1.79E-03
6.2229,1.66E-03
6.2847,1.60E-03
6.2847,1.79E-03
6.2847,1.66E-03
6.3471,1.60E-03
6.3471,1.72E-03
6.3471,1.66E-03
6.4101,1.60E-03
6.4101,1.72E-03
6.4101,1.66E-03
6.4738,1.60E-03
6.4738,1.72E-03
6.4738,1.66E-03
6.5381,1.60E-03
6.5381,1.72E-03
6.5381,1.66E-03
6.603,1.54E-03
6.603,1.72E-03
6.603,1.60E-03
6.6686,1.54E-03
6.6686,1.66E-03
6.6686,1.60E-03
6.7348,1.54E-03
6.7348,1.66E-03
6.7348,1.60E-03
6.8016,1.54E-03
6.8016,1.66E-03
6.8016,1.60E-03
6.8693,1.48E-03
6.8693,1.66E-03
6.8693,1.54E-03
6.9375,1.48E-03
6.9375,1.60E-03
6.9375,1.54E-03
7.0064,1.48E-03
7.0064,1.60E-03
7.0064,1.54E-03
7.076,1.48E-03
7.076,1.60E-03
7.076,1.54E-03
7.1461,1.48E-03
7.1461,1.60E-03
7.1461,1.54E-03
7.2172,1.48E-03
7.2172,1.60E-03
7.2172,1.54E-03
7.2889,1.43E-03
7.2889,1.60E-03
7.2889,1.48E-03
7.3613,1.43E-03
7.3613,1.60E-03
7.3613,1.49E-03
7.4344,1.43E-03
7.4344,1.54E-03
7.4344,1.49E-03
7.5082,1.43E-03
7.5082,1.54E-03
7.5082,1.49E-03
7.5828,1.43E-03
7.5828,1.54E-03
7.5828,1.49E-03
7.6581,1.43E-03
7.6581,1.54E-03
7.6581,1.49E-03
7.7341,1.43E-03
7.7341,1.54E-03
7.7341,1.49E-03
7.811,1.38E-03
7.811,1.54E-03
7.811,1.43E-03
7.8885,1.38E-03
7.8885,1.54E-03
7.8885,1.43E-03
7.9668,1.38E-03
7.9668,1.49E-03
7.9668,1.43E-03
8.046,1.38E-03
8.046,1.49E-03
8.046,1.43E-03
8.1259,1.38E-03
8.1259,1.49E-03
8.1259,1.43E-03
8.2066,1.38E-03
8.2066,1.49E-03
8.2066,1.43E-03
8.2881,1.33E-03
8.2881,1.49E-03
8.2881,1.38E-03
8.3704,1.33E-03
8.3704,1.49E-03
8.3704,1.38E-03
8.4535,1.33E-03
8.4535,1.43E-03
8.4535,1.38E-03
8.5375,1.33E-03
8.5375,1.43E-03
8.5375,1.38E-03
8.6223,1.33E-03
8.6223,1.43E-03
8.6223,1.38E-03
8.7079,1.33E-03
8.7079,1.43E-03
8.7079,1.38E-03
8.7944,1.33E-03
8.7944,1.43E-03
8.7944,1.38E-03
8.8817,1.33E-03
8.9699,1.33E-03
8.9699,1.28E-03
9.059,1.33E-03
9.059,1.28E-03
9.149,1.33E-03
9.149,1.28E-03
9.2399,1.33E-03
9.2399,1.28E-03
9.3316,1.33E-03
9.3316,1.28E-03
9.4243,1.33E-03
9.4243,1.28E-03
9.5179,1.33E-03
9.5179,1.28E-03
9.6124,1.33E-03
9.6124,1.28E-03
9.7079,1.33E-03
9.7079,1.28E-03
9.8043,1.33E-03
9.8043,1.28E-03
9.9017,1.33E-03
9.9017,1.28E-03
10,1.33E-03
10,1.28E-03
10.0993,1.33E-03
10.0993,1.28E-03
10.1996,1.28E-03
10.1996,1.24E-03
10.1996,1.28E-03
10.3009,1.24E-03
10.3009,1.29E-03
10.4032,1.19E-03
10.4032,1.29E-03
10.5065,1.19E-03
10.5065,1.24E-03
10.5065,1.29E-03
10.6109,1.19E-03
10.6109,1.15E-03
10.6109,1.19E-03
10.7163,1.19E-03
10.7163,1.15E-03
10.8227,1.19E-03
10.8227,1.15E-03
10.9302,1.19E-03
10.9302,1.15E-03
11.0387,1.19E-03
11.0387,1.15E-03
11.1482,1.19E-03
11.1482,1.15E-03
11.2591,1.19E-03
11.2591,1.15E-03
11.3709,1.19E-03
11.3709,1.11E-03
11.4838,1.19E-03
11.4838,1.11E-03
11.5979,1.19E-03
11.5979,1.11E-03
11.713,1.19E-03
11.713,1.11E-03
11.8294,1.19E-03
11.8294,1.11E-03
11.9468,1.19E-03
11.9468,1.07E-03
12.0655,1.15E-03
12.0655,1.07E-03
12.1853,1.15E-03
12.1853,1.07E-03
12.3063,1.15E-03
12.3063,1.07E-03
12.4285,1.15E-03
12.4285,1.07E-03
12.552,1.15E-03
12.552,1.03E-03
12.6766,1.15E-03
12.6766,1.03E-03
12.8025,1.11E-03
12.8025,1.03E-03
12.9297,1.11E-03
12.9297,1.03E-03
13.0581,1.11E-03
13.0581,1.03E-03
13.1878,1.11E-03
13.1878,1.03E-03
13.3188,1.11E-03
13.3188,9.92E-04
13.451,1.11E-03
13.451,9.92E-04
13.5846,1.07E-03
13.5846,9.93E-04
13.7195,1.07E-03
13.7195,9.93E-04
13.8558,1.07E-03
13.8558,9.93E-04
13.9933,1.07E-03
13.9933,9.56E-04
14.1324,1.07E-03
14.1324,9.57E-04
14.2727,1.03E-03
14.2727,9.57E-04
14.4144,1.03E-03
14.4144,9.57E-04
14.5575,1.03E-03
14.5575,9.57E-04
14.7022,1.03E-03
14.7022,9.57E-04
14.8481,9.94E-04
14.8481,9.22E-04
14.9957,9.94E-04
14.9957,9.22E-04
15.1446,9.94E-04
15.1446,9.22E-04
15.295,9.94E-04
15.295,9.23E-04
15.4469,9.95E-04
15.4469,9.23E-04
15.6002,9.95E-04
15.6002,8.89E-04
15.7551,9.58E-04
15.7551,8.89E-04
15.9117,9.58E-04
15.9117,8.89E-04
16.0697,9.59E-04
16.0697,8.89E-04
16.2293,9.59E-04
16.2293,8.57E-04
16.3905,9.59E-04
16.3905,8.57E-04
16.5533,9.24E-04
16.5533,8.57E-04
16.7177,9.24E-04
16.7177,8.57E-04
16.8837,9.24E-04
16.8837,8.57E-04
17.0514,9.24E-04
17.0514,8.26E-04
17.2207,8.90E-04
17.2207,8.26E-04
17.3918,8.90E-04
17.3918,8.26E-04
17.5645,8.91E-04
17.5645,8.58E-04
17.5645,8.26E-04
18.093,8.58E-04
18.2727,8.27E-04
18.4542,8.27E-04
18.6374,8.27E-04
18.8225,8.27E-04
19.0095,8.27E-04
19.1983,8.27E-04
19.3889,8.27E-04
19.5815,7.97E-04
19.7759,7.97E-04
19.9724,7.97E-04
20.1707,7.97E-04
20.371,7.68E-04
20.5733,7.68E-04
20.7776,7.68E-04
20.984,7.40E-04
21.1924,7.40E-04
21.4029,7.40E-04
21.6154,7.41E-04
21.83,7.13E-04
22.0469,7.14E-04
22.2659,7.14E-04
22.487,7.14E-04
22.7103,6.88E-04
22.9359,6.88E-04
23.1636,6.88E-04
23.3937,6.63E-04
23.626,6.63E-04
23.8607,6.63E-04
24.0976,6.38E-04
24.3369,6.39E-04
24.5786,6.39E-04
24.8227,6.39E-04
25.0693,6.15E-04
25.3182,6.15E-04
25.5697,6.16E-04
25.8235,6.16E-04
26.0801,5.93E-04
26.3391,5.93E-04
26.6007,5.93E-04
26.8649,5.71E-04
27.1317,5.72E-04
27.4011,5.72E-04
27.6732,5.51E-04
27.9481,5.51E-04
28.2256,5.31E-04
28.506,5.31E-04
28.7891,5.31E-04
29.075,5.11E-04
29.3637,5.11E-04
29.6553,5.11E-04
29.9499,4.93E-04
30.2473,4.93E-04
30.5476,4.93E-04
30.8511,4.75E-04
31.1575,4.75E-04
31.4668,4.57E-04
31.7793,4.57E-04
32.095,4.58E-04
32.4138,4.41E-04
32.7357,4.41E-04
33.0608,4.25E-04
33.3891,4.25E-04
33.7207,4.25E-04
34.0556,4.09E-04
34.3938,4.09E-04
34.7354,3.94E-04
35.0804,3.94E-04
35.4288,3.80E-04
35.7806,3.66E-04
36.136,3.66E-04
36.4949,3.53E-04
36.8573,3.53E-04
37.2233,3.40E-04
37.593,3.40E-04
37.9664,3.40E-04
38.3434,3.40E-04
38.7242,3.27E-04
39.1088,3.27E-04
39.4971,3.15E-04
39.8895,3.15E-04
40.2856,3.04E-04
40.6857,2.93E-04
41.0898,2.93E-04
41.4979,2.82E-04
41.91,2.82E-04
42.3262,2.72E-04
42.7466,2.72E-04
43.1711,2.72E-04
43.5998,2.62E-04
44.0329,2.62E-04
44.4702,2.52E-04
44.9118,2.52E-04
44.9118,2.43E-04
45.3578,2.34E-04
45.8083,2.34E-04
46.2631,2.26E-04
46.7227,2.26E-04
47.1867,2.17E-04
47.6553,2.17E-04
48.1286,2.17E-04
48.1286,2.09E-04
48.6066,2.09E-04
49.0893,2.02E-04
49.5769,2.02E-04
49.5769,1.94E-04
49.5769,1.87E-04
50.0692,1.87E-04
50.5665,1.87E-04
51.0687,1.80E-04
51.0687,1.74E-04
51.5758,1.74E-04
52.0881,1.74E-04
52.6054,1.74E-04
52.6054,1.67E-04
53.1278,1.61E-04
53.6554,1.61E-04
54.1883,1.61E-04
54.7265,1.55E-04
55.27,1.50E-04
55.8189,1.44E-04
56.3732,1.44E-04
56.9331,1.39E-04
57.4985,1.34E-04
58.0695,1.29E-04
58.6463,1.29E-04
59.2287,1.24E-04
59.8169,1.24E-04
60.411,1.20E-04
61.0109,1.20E-04
61.6169,1.15E-04
62.2288,1.11E-04
#DataThief D:\Users\kcm\Downloads\Fig3.png Thursday 10-Oct-2024 12:43:50 PM,
#DataThief D:\Users\kcm\Downloads\Fig3.png Thursday 10-Oct-2024 12:44:24 PM,
#DataThief D:\Users\kcm\Downloads\Fig3.png Thursday 10-Oct-2024 12:44:37 PM,
